location,rows,pct_of_rows,distinct_company_names,rows_per_company_name,distinct_industries,distinct_internship_titles,fake_postings,fake_posting_rate_pct
Bangalore,111441,11.1441,75340,1.4791744093443058,9,9,25155,22.57248230005115
Berlin,110990,11.099,75029,1.4792946727265457,9,9,24651,22.210109018830526
Dubai,110987,11.0987,75008,1.479668835324232,9,9,24699,22.253957670718194
London,110754,11.0754,75016,1.4764050335928336,9,9,24481,22.103942069812376
New York,110559,11.0559,74712,1.4798024413748796,9,9,24548,22.20352933727693
San Francisco,111390,11.139,75379,1.4777325249737991,9,9,24732,22.203070293563158
Singapore,110882,11.0882,75243,1.4736520340762596,9,9,24636,22.218213957179703
Sydney,111520,11.152,75544,1.4762257757068729,9,9,24624,22.080344332855095
Toronto,111477,11.1477,75735,1.471935036640919,9,9,24432,21.9166285422105
