threshold,rule,false_positives,false_negatives,mismatches,mismatch_pct,accuracy_pct
0.0,predict 1 if fraud_score >= threshold,778042,0,778042,77.8042,22.1958
0.1,predict 1 if fraud_score >= threshold,726456,0,726456,72.6456,27.3544
0.2,predict 1 if fraud_score >= threshold,725896,0,725896,72.5896,27.4104
0.3,predict 1 if fraud_score >= threshold,725331,0,725331,72.5331,27.4669
0.4,predict 1 if fraud_score >= threshold,724710,0,724710,72.471,27.529
0.5,predict 1 if fraud_score >= threshold,724119,0,724119,72.4119,27.5881
0.6,predict 1 if fraud_score >= threshold,723502,0,723502,72.3502,27.6498
0.7,predict 1 if fraud_score >= threshold,722915,0,722915,72.2915,27.7085
0.8,predict 1 if fraud_score >= threshold,722257,0,722257,72.2257,27.7743
0.9,predict 1 if fraud_score >= threshold,721599,0,721599,72.1599,27.8401
1.0,predict 1 if fraud_score >= threshold,720921,0,720921,72.0921,27.9079
1.1,predict 1 if fraud_score >= threshold,720306,0,720306,72.0306,27.9694
1.2,predict 1 if fraud_score >= threshold,719586,0,719586,71.9586,28.0414
1.3,predict 1 if fraud_score >= threshold,718918,0,718918,71.8918,28.1082
1.4,predict 1 if fraud_score >= threshold,718312,0,718312,71.8312,28.1688
1.5,predict 1 if fraud_score >= threshold,717670,0,717670,71.767,28.233
1.6,predict 1 if fraud_score >= threshold,717008,0,717008,71.7008,28.2992
1.7,predict 1 if fraud_score >= threshold,716280,0,716280,71.628,28.372
1.8,predict 1 if fraud_score >= threshold,715606,0,715606,71.5606,28.4394
1.9,predict 1 if fraud_score >= threshold,714908,0,714908,71.4908,28.5092
2.0,predict 1 if fraud_score >= threshold,714270,0,714270,71.427,28.573
2.1,predict 1 if fraud_score >= threshold,713534,0,713534,71.3534,28.6466
2.2,predict 1 if fraud_score >= threshold,712804,0,712804,71.2804,28.7196
2.3,predict 1 if fraud_score >= threshold,712074,0,712074,71.2074,28.7926
2.4,predict 1 if fraud_score >= threshold,711396,0,711396,71.1396,28.8604
2.5,predict 1 if fraud_score >= threshold,710695,0,710695,71.0695,28.9305
2.6,predict 1 if fraud_score >= threshold,709950,0,709950,70.995,29.005
2.7,predict 1 if fraud_score >= threshold,709247,0,709247,70.9247,29.0753
2.8,predict 1 if fraud_score >= threshold,708528,0,708528,70.8528,29.1472
2.9,predict 1 if fraud_score >= threshold,707770,0,707770,70.777,29.223
3.0,predict 1 if fraud_score >= threshold,707020,0,707020,70.702,29.298
3.1,predict 1 if fraud_score >= threshold,706246,0,706246,70.6246,29.3754
3.2,predict 1 if fraud_score >= threshold,705427,0,705427,70.5427,29.4573
3.3,predict 1 if fraud_score >= threshold,704656,0,704656,70.4656,29.5344
3.4,predict 1 if fraud_score >= threshold,703902,0,703902,70.3902,29.6098
3.5,predict 1 if fraud_score >= threshold,703067,0,703067,70.3067,29.6933
3.6,predict 1 if fraud_score >= threshold,702302,0,702302,70.2302,29.7698
3.7,predict 1 if fraud_score >= threshold,701533,0,701533,70.1533,29.8467
3.8,predict 1 if fraud_score >= threshold,700736,0,700736,70.0736,29.9264
3.9,predict 1 if fraud_score >= threshold,699928,0,699928,69.9928,30.0072
4.0,predict 1 if fraud_score >= threshold,699156,0,699156,69.9156,30.0844
4.1,predict 1 if fraud_score >= threshold,698320,0,698320,69.832,30.168
4.2,predict 1 if fraud_score >= threshold,697512,0,697512,69.7512,30.2488
4.3,predict 1 if fraud_score >= threshold,696667,0,696667,69.6667,30.3333
4.4,predict 1 if fraud_score >= threshold,695820,0,695820,69.582,30.418
4.5,predict 1 if fraud_score >= threshold,694947,0,694947,69.4947,30.5053
4.6,predict 1 if fraud_score >= threshold,694168,0,694168,69.4168,30.5832
4.7,predict 1 if fraud_score >= threshold,693348,0,693348,69.3348,30.6652
4.8,predict 1 if fraud_score >= threshold,692466,0,692466,69.2466,30.7534
4.9,predict 1 if fraud_score >= threshold,691670,0,691670,69.167,30.833
5.0,predict 1 if fraud_score >= threshold,690800,0,690800,69.08,30.92
5.1,predict 1 if fraud_score >= threshold,689947,0,689947,68.9947,31.0053
5.2,predict 1 if fraud_score >= threshold,689035,0,689035,68.9035,31.0965
5.3,predict 1 if fraud_score >= threshold,688210,0,688210,68.821,31.179
5.4,predict 1 if fraud_score >= threshold,687360,0,687360,68.736,31.264
5.5,predict 1 if fraud_score >= threshold,686428,0,686428,68.6428,31.3572
5.6,predict 1 if fraud_score >= threshold,685508,0,685508,68.5508,31.4492
5.7,predict 1 if fraud_score >= threshold,684600,0,684600,68.46,31.54
5.8,predict 1 if fraud_score >= threshold,683690,0,683690,68.369,31.631
5.9,predict 1 if fraud_score >= threshold,682748,0,682748,68.2748,31.7252
6.0,predict 1 if fraud_score >= threshold,681865,0,681865,68.1865,31.8135
6.1,predict 1 if fraud_score >= threshold,680871,0,680871,68.0871,31.9129
6.2,predict 1 if fraud_score >= threshold,679878,0,679878,67.9878,32.0122
6.3,predict 1 if fraud_score >= threshold,678950,0,678950,67.895,32.105
6.4,predict 1 if fraud_score >= threshold,677975,0,677975,67.7975,32.2025
6.5,predict 1 if fraud_score >= threshold,677033,0,677033,67.7033,32.2967
6.6,predict 1 if fraud_score >= threshold,676119,0,676119,67.6119,32.3881
6.7,predict 1 if fraud_score >= threshold,675164,0,675164,67.5164,32.4836
6.8,predict 1 if fraud_score >= threshold,674202,0,674202,67.4202,32.5798
6.9,predict 1 if fraud_score >= threshold,673230,0,673230,67.323,32.677
7.0,predict 1 if fraud_score >= threshold,672245,0,672245,67.2245,32.7755
7.1,predict 1 if fraud_score >= threshold,671251,0,671251,67.1251,32.8749
7.2,predict 1 if fraud_score >= threshold,670228,0,670228,67.0228,32.9772
7.3,predict 1 if fraud_score >= threshold,669262,0,669262,66.9262,33.0738
7.4,predict 1 if fraud_score >= threshold,668205,0,668205,66.8205,33.1795
7.5,predict 1 if fraud_score >= threshold,667261,0,667261,66.7261,33.2739
7.6,predict 1 if fraud_score >= threshold,666288,0,666288,66.6288,33.3712
7.7,predict 1 if fraud_score >= threshold,665299,0,665299,66.5299,33.4701
7.8,predict 1 if fraud_score >= threshold,664265,0,664265,66.4265,33.5735
7.9,predict 1 if fraud_score >= threshold,663248,0,663248,66.3248,33.6752
8.0,predict 1 if fraud_score >= threshold,662232,0,662232,66.2232,33.7768
8.1,predict 1 if fraud_score >= threshold,661180,0,661180,66.118,33.882
8.2,predict 1 if fraud_score >= threshold,660072,0,660072,66.0072,33.9928
8.3,predict 1 if fraud_score >= threshold,658992,0,658992,65.8992,34.1008
8.4,predict 1 if fraud_score >= threshold,657906,0,657906,65.7906,34.2094
8.5,predict 1 if fraud_score >= threshold,656852,0,656852,65.6852,34.3148
8.6,predict 1 if fraud_score >= threshold,655724,0,655724,65.5724,34.4276
8.7,predict 1 if fraud_score >= threshold,654577,0,654577,65.4577,34.5423
8.8,predict 1 if fraud_score >= threshold,653459,0,653459,65.3459,34.6541
8.9,predict 1 if fraud_score >= threshold,652343,0,652343,65.2343,34.7657
9.0,predict 1 if fraud_score >= threshold,651203,0,651203,65.1203,34.8797
9.1,predict 1 if fraud_score >= threshold,650142,0,650142,65.0142,34.9858
9.2,predict 1 if fraud_score >= threshold,649105,0,649105,64.9105,35.0895
9.3,predict 1 if fraud_score >= threshold,647997,0,647997,64.7997,35.2003
9.4,predict 1 if fraud_score >= threshold,646891,0,646891,64.6891,35.3109
9.5,predict 1 if fraud_score >= threshold,645798,0,645798,64.5798,35.4202
9.6,predict 1 if fraud_score >= threshold,644693,0,644693,64.4693,35.5307
9.7,predict 1 if fraud_score >= threshold,643543,0,643543,64.3543,35.6457
9.8,predict 1 if fraud_score >= threshold,642346,0,642346,64.2346,35.7654
9.9,predict 1 if fraud_score >= threshold,641138,0,641138,64.1138,35.8862
10.0,predict 1 if fraud_score >= threshold,640056,0,640056,64.0056,35.9944
10.1,predict 1 if fraud_score >= threshold,638889,0,638889,63.8889,36.1111
10.2,predict 1 if fraud_score >= threshold,637739,0,637739,63.7739,36.2261
10.3,predict 1 if fraud_score >= threshold,636516,0,636516,63.6516,36.3484
10.4,predict 1 if fraud_score >= threshold,635383,0,635383,63.5383,36.4617
10.5,predict 1 if fraud_score >= threshold,634145,0,634145,63.4145,36.5855
10.6,predict 1 if fraud_score >= threshold,632985,0,632985,63.2985,36.7015
10.7,predict 1 if fraud_score >= threshold,631820,0,631820,63.182,36.818
10.8,predict 1 if fraud_score >= threshold,630637,0,630637,63.0637,36.9363
10.9,predict 1 if fraud_score >= threshold,629439,0,629439,62.9439,37.0561
11.0,predict 1 if fraud_score >= threshold,628285,0,628285,62.8285,37.1715
11.1,predict 1 if fraud_score >= threshold,627047,0,627047,62.7047,37.2953
11.2,predict 1 if fraud_score >= threshold,625797,0,625797,62.5797,37.4203
11.3,predict 1 if fraud_score >= threshold,624585,0,624585,62.4585,37.5415
11.4,predict 1 if fraud_score >= threshold,623366,0,623366,62.3366,37.6634
11.5,predict 1 if fraud_score >= threshold,622114,0,622114,62.2114,37.7886
11.6,predict 1 if fraud_score >= threshold,620865,0,620865,62.0865,37.9135
11.7,predict 1 if fraud_score >= threshold,619625,0,619625,61.9625,38.0375
11.8,predict 1 if fraud_score >= threshold,618371,0,618371,61.8371,38.1629
11.9,predict 1 if fraud_score >= threshold,617091,0,617091,61.7091,38.2909
12.0,predict 1 if fraud_score >= threshold,615798,0,615798,61.5798,38.4202
12.1,predict 1 if fraud_score >= threshold,614489,0,614489,61.4489,38.5511
12.2,predict 1 if fraud_score >= threshold,613254,0,613254,61.3254,38.6746
12.3,predict 1 if fraud_score >= threshold,611941,0,611941,61.1941,38.8059
12.4,predict 1 if fraud_score >= threshold,610641,0,610641,61.0641,38.9359
12.5,predict 1 if fraud_score >= threshold,609333,0,609333,60.9333,39.0667
12.6,predict 1 if fraud_score >= threshold,608064,0,608064,60.8064,39.1936
12.7,predict 1 if fraud_score >= threshold,606763,0,606763,60.6763,39.3237
12.8,predict 1 if fraud_score >= threshold,605507,0,605507,60.5507,39.4493
12.9,predict 1 if fraud_score >= threshold,604214,0,604214,60.4214,39.5786
13.0,predict 1 if fraud_score >= threshold,602895,0,602895,60.2895,39.7105
13.1,predict 1 if fraud_score >= threshold,601556,0,601556,60.1556,39.8444
13.2,predict 1 if fraud_score >= threshold,600233,0,600233,60.0233,39.9767
13.3,predict 1 if fraud_score >= threshold,598900,0,598900,59.89,40.11
13.4,predict 1 if fraud_score >= threshold,597590,0,597590,59.759,40.241
13.5,predict 1 if fraud_score >= threshold,596227,0,596227,59.6227,40.3773
13.6,predict 1 if fraud_score >= threshold,594824,0,594824,59.4824,40.5176
13.7,predict 1 if fraud_score >= threshold,593554,0,593554,59.3554,40.6446
13.8,predict 1 if fraud_score >= threshold,592182,0,592182,59.2182,40.7818
13.9,predict 1 if fraud_score >= threshold,590785,0,590785,59.0785,40.9215
14.0,predict 1 if fraud_score >= threshold,589385,0,589385,58.9385,41.0615
14.1,predict 1 if fraud_score >= threshold,588003,0,588003,58.8003,41.1997
14.2,predict 1 if fraud_score >= threshold,586561,0,586561,58.6561,41.3439
14.3,predict 1 if fraud_score >= threshold,585148,0,585148,58.5148,41.4852
14.4,predict 1 if fraud_score >= threshold,583780,0,583780,58.378,41.622
14.5,predict 1 if fraud_score >= threshold,582397,0,582397,58.2397,41.7603
14.6,predict 1 if fraud_score >= threshold,580957,0,580957,58.0957,41.9043
14.7,predict 1 if fraud_score >= threshold,579539,0,579539,57.9539,42.0461
14.8,predict 1 if fraud_score >= threshold,578123,0,578123,57.8123,42.1877
14.9,predict 1 if fraud_score >= threshold,576709,0,576709,57.6709,42.3291
15.0,predict 1 if fraud_score >= threshold,575228,0,575228,57.5228,42.4772
15.1,predict 1 if fraud_score >= threshold,573786,0,573786,57.3786,42.6214
15.2,predict 1 if fraud_score >= threshold,572290,0,572290,57.229,42.771
15.3,predict 1 if fraud_score >= threshold,570889,0,570889,57.0889,42.9111
15.4,predict 1 if fraud_score >= threshold,569320,0,569320,56.932,43.068
15.5,predict 1 if fraud_score >= threshold,567875,0,567875,56.7875,43.2125
15.6,predict 1 if fraud_score >= threshold,566475,0,566475,56.6475,43.3525
15.7,predict 1 if fraud_score >= threshold,564989,0,564989,56.4989,43.5011
15.8,predict 1 if fraud_score >= threshold,563566,0,563566,56.3566,43.6434
15.9,predict 1 if fraud_score >= threshold,562049,0,562049,56.2049,43.7951
16.0,predict 1 if fraud_score >= threshold,560604,0,560604,56.0604,43.9396
16.1,predict 1 if fraud_score >= threshold,559151,0,559151,55.9151,44.0849
16.2,predict 1 if fraud_score >= threshold,557674,0,557674,55.7674,44.2326
16.3,predict 1 if fraud_score >= threshold,556205,0,556205,55.6205,44.3795
16.4,predict 1 if fraud_score >= threshold,554817,0,554817,55.4817,44.5183
16.5,predict 1 if fraud_score >= threshold,553343,0,553343,55.3343,44.6657
16.6,predict 1 if fraud_score >= threshold,551898,0,551898,55.1898,44.8102
16.7,predict 1 if fraud_score >= threshold,550394,0,550394,55.0394,44.9606
16.8,predict 1 if fraud_score >= threshold,548941,0,548941,54.8941,45.1059
16.9,predict 1 if fraud_score >= threshold,547449,0,547449,54.7449,45.2551
17.0,predict 1 if fraud_score >= threshold,545926,0,545926,54.5926,45.4074
17.1,predict 1 if fraud_score >= threshold,544397,0,544397,54.4397,45.5603
17.2,predict 1 if fraud_score >= threshold,542912,0,542912,54.2912,45.7088
17.3,predict 1 if fraud_score >= threshold,541355,0,541355,54.1355,45.8645
17.4,predict 1 if fraud_score >= threshold,539851,0,539851,53.9851,46.0149
17.5,predict 1 if fraud_score >= threshold,538297,0,538297,53.8297,46.1703
17.6,predict 1 if fraud_score >= threshold,536753,0,536753,53.6753,46.3247
17.7,predict 1 if fraud_score >= threshold,535247,0,535247,53.5247,46.4753
17.8,predict 1 if fraud_score >= threshold,533635,0,533635,53.3635,46.6365
17.9,predict 1 if fraud_score >= threshold,532047,0,532047,53.2047,46.7953
18.0,predict 1 if fraud_score >= threshold,530438,0,530438,53.0438,46.9562
18.1,predict 1 if fraud_score >= threshold,528869,0,528869,52.8869,47.1131
18.2,predict 1 if fraud_score >= threshold,527225,0,527225,52.7225,47.2775
18.3,predict 1 if fraud_score >= threshold,525617,0,525617,52.5617,47.4383
18.4,predict 1 if fraud_score >= threshold,524015,0,524015,52.4015,47.5985
18.5,predict 1 if fraud_score >= threshold,522460,0,522460,52.246,47.754
18.6,predict 1 if fraud_score >= threshold,520784,0,520784,52.0784,47.9216
18.7,predict 1 if fraud_score >= threshold,519182,0,519182,51.9182,48.0818
18.8,predict 1 if fraud_score >= threshold,517651,0,517651,51.7651,48.2349
18.9,predict 1 if fraud_score >= threshold,516093,0,516093,51.6093,48.3907
19.0,predict 1 if fraud_score >= threshold,514506,0,514506,51.4506,48.5494
19.1,predict 1 if fraud_score >= threshold,512809,0,512809,51.2809,48.7191
19.2,predict 1 if fraud_score >= threshold,511135,0,511135,51.1135,48.8865
19.3,predict 1 if fraud_score >= threshold,509448,0,509448,50.9448,49.0552
19.4,predict 1 if fraud_score >= threshold,507757,0,507757,50.7757,49.2243
19.5,predict 1 if fraud_score >= threshold,506167,0,506167,50.6167,49.3833
19.6,predict 1 if fraud_score >= threshold,504533,0,504533,50.4533,49.5467
19.7,predict 1 if fraud_score >= threshold,502810,0,502810,50.281,49.719
19.8,predict 1 if fraud_score >= threshold,501084,0,501084,50.1084,49.8916
19.9,predict 1 if fraud_score >= threshold,499411,0,499411,49.9411,50.0589
20.0,predict 1 if fraud_score >= threshold,497748,0,497748,49.7748,50.2252
20.1,predict 1 if fraud_score >= threshold,496133,0,496133,49.6133,50.3867
20.2,predict 1 if fraud_score >= threshold,494489,0,494489,49.4489,50.5511
20.3,predict 1 if fraud_score >= threshold,492773,0,492773,49.2773,50.7227
20.4,predict 1 if fraud_score >= threshold,491110,0,491110,49.111,50.889
20.5,predict 1 if fraud_score >= threshold,489326,0,489326,48.9326,51.0674
20.6,predict 1 if fraud_score >= threshold,487658,0,487658,48.7658,51.2342
20.7,predict 1 if fraud_score >= threshold,485979,0,485979,48.5979,51.4021
20.8,predict 1 if fraud_score >= threshold,484224,0,484224,48.4224,51.5776
20.9,predict 1 if fraud_score >= threshold,482544,0,482544,48.2544,51.7456
21.0,predict 1 if fraud_score >= threshold,480860,0,480860,48.086,51.914
21.1,predict 1 if fraud_score >= threshold,479166,0,479166,47.9166,52.0834
21.2,predict 1 if fraud_score >= threshold,477421,0,477421,47.7421,52.2579
21.3,predict 1 if fraud_score >= threshold,475737,0,475737,47.5737,52.4263
21.4,predict 1 if fraud_score >= threshold,474046,0,474046,47.4046,52.5954
21.5,predict 1 if fraud_score >= threshold,472311,0,472311,47.2311,52.7689
21.6,predict 1 if fraud_score >= threshold,470534,0,470534,47.0534,52.9466
21.7,predict 1 if fraud_score >= threshold,468804,0,468804,46.8804,53.1196
21.8,predict 1 if fraud_score >= threshold,467047,0,467047,46.7047,53.2953
21.9,predict 1 if fraud_score >= threshold,465304,0,465304,46.5304,53.4696
22.0,predict 1 if fraud_score >= threshold,463597,0,463597,46.3597,53.6403
22.1,predict 1 if fraud_score >= threshold,461884,0,461884,46.1884,53.8116
22.2,predict 1 if fraud_score >= threshold,460159,0,460159,46.0159,53.9841
22.3,predict 1 if fraud_score >= threshold,458459,0,458459,45.8459,54.1541
22.4,predict 1 if fraud_score >= threshold,456754,0,456754,45.6754,54.3246
22.5,predict 1 if fraud_score >= threshold,455093,0,455093,45.5093,54.4907
22.6,predict 1 if fraud_score >= threshold,453377,0,453377,45.3377,54.6623
22.7,predict 1 if fraud_score >= threshold,451608,0,451608,45.1608,54.8392
22.8,predict 1 if fraud_score >= threshold,449848,0,449848,44.9848,55.0152
22.9,predict 1 if fraud_score >= threshold,448107,0,448107,44.8107,55.1893
23.0,predict 1 if fraud_score >= threshold,446315,0,446315,44.6315,55.3685
23.1,predict 1 if fraud_score >= threshold,444539,0,444539,44.4539,55.5461
23.2,predict 1 if fraud_score >= threshold,442781,0,442781,44.2781,55.7219
23.3,predict 1 if fraud_score >= threshold,441056,0,441056,44.1056,55.8944
23.4,predict 1 if fraud_score >= threshold,439322,0,439322,43.9322,56.0678
23.5,predict 1 if fraud_score >= threshold,437585,0,437585,43.7585,56.2415
23.6,predict 1 if fraud_score >= threshold,435837,0,435837,43.5837,56.4163
23.7,predict 1 if fraud_score >= threshold,434139,0,434139,43.4139,56.5861
23.8,predict 1 if fraud_score >= threshold,432377,0,432377,43.2377,56.7623
23.9,predict 1 if fraud_score >= threshold,430606,0,430606,43.0606,56.9394
24.0,predict 1 if fraud_score >= threshold,428859,0,428859,42.8859,57.1141
24.1,predict 1 if fraud_score >= threshold,427067,0,427067,42.7067,57.2933
24.2,predict 1 if fraud_score >= threshold,425313,0,425313,42.5313,57.4687
24.3,predict 1 if fraud_score >= threshold,423564,0,423564,42.3564,57.6436
24.4,predict 1 if fraud_score >= threshold,421778,0,421778,42.1778,57.8222
24.5,predict 1 if fraud_score >= threshold,419998,0,419998,41.9998,58.0002
24.6,predict 1 if fraud_score >= threshold,418215,0,418215,41.8215,58.1785
24.7,predict 1 if fraud_score >= threshold,416391,0,416391,41.6391,58.3609
24.8,predict 1 if fraud_score >= threshold,414623,0,414623,41.4623,58.5377
24.9,predict 1 if fraud_score >= threshold,412945,0,412945,41.2945,58.7055
25.0,predict 1 if fraud_score >= threshold,411135,0,411135,41.1135,58.8865
25.1,predict 1 if fraud_score >= threshold,409289,0,409289,40.9289,59.0711
25.2,predict 1 if fraud_score >= threshold,407473,0,407473,40.7473,59.2527
25.3,predict 1 if fraud_score >= threshold,405650,0,405650,40.565,59.435
25.4,predict 1 if fraud_score >= threshold,403700,0,403700,40.37,59.63
25.5,predict 1 if fraud_score >= threshold,401880,0,401880,40.188,59.812
25.6,predict 1 if fraud_score >= threshold,400077,0,400077,40.0077,59.9923
25.7,predict 1 if fraud_score >= threshold,398316,0,398316,39.8316,60.1684
25.8,predict 1 if fraud_score >= threshold,396511,0,396511,39.6511,60.3489
25.9,predict 1 if fraud_score >= threshold,394737,0,394737,39.4737,60.5263
26.0,predict 1 if fraud_score >= threshold,392955,0,392955,39.2955,60.7045
26.1,predict 1 if fraud_score >= threshold,391159,0,391159,39.1159,60.8841
26.2,predict 1 if fraud_score >= threshold,389286,0,389286,38.9286,61.0714
26.3,predict 1 if fraud_score >= threshold,387541,0,387541,38.7541,61.2459
26.4,predict 1 if fraud_score >= threshold,385755,0,385755,38.5755,61.4245
26.5,predict 1 if fraud_score >= threshold,383989,0,383989,38.3989,61.6011
26.6,predict 1 if fraud_score >= threshold,382137,0,382137,38.2137,61.7863
26.7,predict 1 if fraud_score >= threshold,380352,0,380352,38.0352,61.9648
26.8,predict 1 if fraud_score >= threshold,378592,0,378592,37.8592,62.1408
26.9,predict 1 if fraud_score >= threshold,376812,0,376812,37.6812,62.3188
27.0,predict 1 if fraud_score >= threshold,375024,0,375024,37.5024,62.4976
27.1,predict 1 if fraud_score >= threshold,373172,0,373172,37.3172,62.6828
27.2,predict 1 if fraud_score >= threshold,371350,0,371350,37.135,62.865
27.3,predict 1 if fraud_score >= threshold,369546,0,369546,36.9546,63.0454
27.4,predict 1 if fraud_score >= threshold,367657,0,367657,36.7657,63.2343
27.5,predict 1 if fraud_score >= threshold,365780,0,365780,36.578,63.422
27.6,predict 1 if fraud_score >= threshold,363868,0,363868,36.3868,63.6132
27.7,predict 1 if fraud_score >= threshold,362065,0,362065,36.2065,63.7935
27.8,predict 1 if fraud_score >= threshold,360173,0,360173,36.0173,63.9827
27.9,predict 1 if fraud_score >= threshold,358389,0,358389,35.8389,64.1611
28.0,predict 1 if fraud_score >= threshold,356604,0,356604,35.6604,64.3396
28.1,predict 1 if fraud_score >= threshold,354777,0,354777,35.4777,64.5223
28.2,predict 1 if fraud_score >= threshold,353007,0,353007,35.3007,64.6993
28.3,predict 1 if fraud_score >= threshold,351142,0,351142,35.1142,64.8858
28.4,predict 1 if fraud_score >= threshold,349272,0,349272,34.9272,65.0728
28.5,predict 1 if fraud_score >= threshold,347491,0,347491,34.7491,65.2509
28.6,predict 1 if fraud_score >= threshold,345637,0,345637,34.5637,65.4363
28.7,predict 1 if fraud_score >= threshold,343756,0,343756,34.3756,65.6244
28.8,predict 1 if fraud_score >= threshold,341891,0,341891,34.1891,65.8109
28.9,predict 1 if fraud_score >= threshold,340087,0,340087,34.0087,65.9913
29.0,predict 1 if fraud_score >= threshold,338218,0,338218,33.8218,66.1782
29.1,predict 1 if fraud_score >= threshold,336328,0,336328,33.6328,66.3672
29.2,predict 1 if fraud_score >= threshold,334510,0,334510,33.451,66.549
29.3,predict 1 if fraud_score >= threshold,332729,0,332729,33.2729,66.7271
29.4,predict 1 if fraud_score >= threshold,330922,0,330922,33.0922,66.9078
29.5,predict 1 if fraud_score >= threshold,329067,0,329067,32.9067,67.0933
29.6,predict 1 if fraud_score >= threshold,327242,0,327242,32.7242,67.2758
29.7,predict 1 if fraud_score >= threshold,325450,0,325450,32.545,67.455
29.8,predict 1 if fraud_score >= threshold,323661,0,323661,32.3661,67.6339
29.9,predict 1 if fraud_score >= threshold,321953,0,321953,32.1953,67.8047
30.0,predict 1 if fraud_score >= threshold,320113,0,320113,32.0113,67.9887
30.1,predict 1 if fraud_score >= threshold,318275,0,318275,31.8275,68.1725
30.2,predict 1 if fraud_score >= threshold,316433,0,316433,31.6433,68.3567
30.3,predict 1 if fraud_score >= threshold,314702,0,314702,31.4702,68.5298
30.4,predict 1 if fraud_score >= threshold,312869,0,312869,31.2869,68.7131
30.5,predict 1 if fraud_score >= threshold,311123,0,311123,31.1123,68.8877
30.6,predict 1 if fraud_score >= threshold,309309,0,309309,30.9309,69.0691
30.7,predict 1 if fraud_score >= threshold,307460,0,307460,30.746,69.254
30.8,predict 1 if fraud_score >= threshold,305614,0,305614,30.5614,69.4386
30.9,predict 1 if fraud_score >= threshold,303817,0,303817,30.3817,69.6183
31.0,predict 1 if fraud_score >= threshold,301998,0,301998,30.1998,69.8002
31.1,predict 1 if fraud_score >= threshold,300173,0,300173,30.0173,69.9827
31.2,predict 1 if fraud_score >= threshold,298282,0,298282,29.8282,70.1718
31.3,predict 1 if fraud_score >= threshold,296392,0,296392,29.6392,70.3608
31.4,predict 1 if fraud_score >= threshold,294540,0,294540,29.454,70.546
31.5,predict 1 if fraud_score >= threshold,292694,0,292694,29.2694,70.7306
31.6,predict 1 if fraud_score >= threshold,290915,0,290915,29.0915,70.9085
31.7,predict 1 if fraud_score >= threshold,289085,0,289085,28.9085,71.0915
31.8,predict 1 if fraud_score >= threshold,287310,0,287310,28.731,71.269
31.9,predict 1 if fraud_score >= threshold,285454,0,285454,28.5454,71.4546
32.0,predict 1 if fraud_score >= threshold,283565,0,283565,28.3565,71.6435
32.1,predict 1 if fraud_score >= threshold,281712,0,281712,28.1712,71.8288
32.2,predict 1 if fraud_score >= threshold,279929,0,279929,27.9929,72.0071
32.3,predict 1 if fraud_score >= threshold,278091,0,278091,27.8091,72.1909
32.4,predict 1 if fraud_score >= threshold,276244,0,276244,27.6244,72.3756
32.5,predict 1 if fraud_score >= threshold,274461,0,274461,27.4461,72.5539
32.6,predict 1 if fraud_score >= threshold,272701,0,272701,27.2701,72.7299
32.7,predict 1 if fraud_score >= threshold,270873,0,270873,27.0873,72.9127
32.8,predict 1 if fraud_score >= threshold,269079,0,269079,26.9079,73.0921
32.9,predict 1 if fraud_score >= threshold,267334,0,267334,26.7334,73.2666
33.0,predict 1 if fraud_score >= threshold,265625,0,265625,26.5625,73.4375
33.1,predict 1 if fraud_score >= threshold,263698,0,263698,26.3698,73.6302
33.2,predict 1 if fraud_score >= threshold,261965,0,261965,26.1965,73.8035
33.3,predict 1 if fraud_score >= threshold,260198,0,260198,26.0198,73.9802
33.4,predict 1 if fraud_score >= threshold,258338,0,258338,25.8338,74.1662
33.5,predict 1 if fraud_score >= threshold,256568,0,256568,25.6568,74.3432
33.6,predict 1 if fraud_score >= threshold,254757,0,254757,25.4757,74.5243
33.7,predict 1 if fraud_score >= threshold,252981,0,252981,25.2981,74.7019
33.8,predict 1 if fraud_score >= threshold,251195,0,251195,25.1195,74.8805
33.9,predict 1 if fraud_score >= threshold,249392,0,249392,24.9392,75.0608
34.0,predict 1 if fraud_score >= threshold,247554,0,247554,24.7554,75.2446
34.1,predict 1 if fraud_score >= threshold,245846,0,245846,24.5846,75.4154
34.2,predict 1 if fraud_score >= threshold,244034,0,244034,24.4034,75.5966
34.3,predict 1 if fraud_score >= threshold,242277,0,242277,24.2277,75.7723
34.4,predict 1 if fraud_score >= threshold,240493,0,240493,24.0493,75.9507
34.5,predict 1 if fraud_score >= threshold,238711,0,238711,23.8711,76.1289
34.6,predict 1 if fraud_score >= threshold,236932,0,236932,23.6932,76.3068
34.7,predict 1 if fraud_score >= threshold,235107,0,235107,23.5107,76.4893
34.8,predict 1 if fraud_score >= threshold,233322,0,233322,23.3322,76.6678
34.9,predict 1 if fraud_score >= threshold,231477,0,231477,23.1477,76.8523
35.0,predict 1 if fraud_score >= threshold,229719,0,229719,22.9719,77.0281
35.1,predict 1 if fraud_score >= threshold,227960,0,227960,22.796,77.204
35.2,predict 1 if fraud_score >= threshold,226145,0,226145,22.6145,77.3855
35.3,predict 1 if fraud_score >= threshold,224359,0,224359,22.4359,77.5641
35.4,predict 1 if fraud_score >= threshold,222724,0,222724,22.2724,77.7276
35.5,predict 1 if fraud_score >= threshold,221020,0,221020,22.102,77.898
35.6,predict 1 if fraud_score >= threshold,219251,0,219251,21.9251,78.0749
35.7,predict 1 if fraud_score >= threshold,217490,0,217490,21.749,78.251
35.8,predict 1 if fraud_score >= threshold,215751,0,215751,21.5751,78.4249
35.9,predict 1 if fraud_score >= threshold,213990,0,213990,21.399,78.601
36.0,predict 1 if fraud_score >= threshold,212213,0,212213,21.2213,78.7787
36.1,predict 1 if fraud_score >= threshold,210451,0,210451,21.0451,78.9549
36.2,predict 1 if fraud_score >= threshold,208668,0,208668,20.8668,79.1332
36.3,predict 1 if fraud_score >= threshold,206941,0,206941,20.6941,79.3059
36.4,predict 1 if fraud_score >= threshold,205199,0,205199,20.5199,79.4801
36.5,predict 1 if fraud_score >= threshold,203451,0,203451,20.3451,79.6549
36.6,predict 1 if fraud_score >= threshold,201719,0,201719,20.1719,79.8281
36.7,predict 1 if fraud_score >= threshold,200000,0,200000,20.0,80.0
36.8,predict 1 if fraud_score >= threshold,198285,0,198285,19.8285,80.1715
36.9,predict 1 if fraud_score >= threshold,196532,0,196532,19.6532,80.3468
37.0,predict 1 if fraud_score >= threshold,194772,0,194772,19.4772,80.5228
37.1,predict 1 if fraud_score >= threshold,193027,0,193027,19.3027,80.6973
37.2,predict 1 if fraud_score >= threshold,191329,0,191329,19.1329,80.8671
37.3,predict 1 if fraud_score >= threshold,189668,0,189668,18.9668,81.0332
37.4,predict 1 if fraud_score >= threshold,187942,0,187942,18.7942,81.2058
37.5,predict 1 if fraud_score >= threshold,186191,0,186191,18.6191,81.3809
37.6,predict 1 if fraud_score >= threshold,184551,0,184551,18.4551,81.5449
37.7,predict 1 if fraud_score >= threshold,182878,0,182878,18.2878,81.7122
37.8,predict 1 if fraud_score >= threshold,181073,0,181073,18.1073,81.8927
37.9,predict 1 if fraud_score >= threshold,179449,0,179449,17.9449,82.0551
38.0,predict 1 if fraud_score >= threshold,177699,0,177699,17.7699,82.2301
38.1,predict 1 if fraud_score >= threshold,175936,0,175936,17.5936,82.4064
38.2,predict 1 if fraud_score >= threshold,174264,0,174264,17.4264,82.5736
38.3,predict 1 if fraud_score >= threshold,172531,0,172531,17.2531,82.7469
38.4,predict 1 if fraud_score >= threshold,170941,0,170941,17.0941,82.9059
38.5,predict 1 if fraud_score >= threshold,169216,0,169216,16.9216,83.0784
38.6,predict 1 if fraud_score >= threshold,167641,0,167641,16.7641,83.2359
38.7,predict 1 if fraud_score >= threshold,165986,0,165986,16.5986,83.4014
38.8,predict 1 if fraud_score >= threshold,164332,0,164332,16.4332,83.5668
38.9,predict 1 if fraud_score >= threshold,162657,0,162657,16.2657,83.7343
39.0,predict 1 if fraud_score >= threshold,161055,0,161055,16.1055,83.8945
39.1,predict 1 if fraud_score >= threshold,159419,0,159419,15.9419,84.0581
39.2,predict 1 if fraud_score >= threshold,157738,0,157738,15.7738,84.2262
39.3,predict 1 if fraud_score >= threshold,156123,0,156123,15.6123,84.3877
39.4,predict 1 if fraud_score >= threshold,154452,0,154452,15.4452,84.5548
39.5,predict 1 if fraud_score >= threshold,152730,0,152730,15.273,84.727
39.6,predict 1 if fraud_score >= threshold,151090,0,151090,15.109,84.891
39.7,predict 1 if fraud_score >= threshold,149517,0,149517,14.9517,85.0483
39.8,predict 1 if fraud_score >= threshold,147837,0,147837,14.7837,85.2163
39.9,predict 1 if fraud_score >= threshold,146166,0,146166,14.6166,85.3834
40.0,predict 1 if fraud_score >= threshold,144499,0,144499,14.4499,85.5501
40.1,predict 1 if fraud_score >= threshold,142885,0,142885,14.2885,85.7115
40.2,predict 1 if fraud_score >= threshold,141270,0,141270,14.127,85.873
40.3,predict 1 if fraud_score >= threshold,139663,0,139663,13.9663,86.0337
40.4,predict 1 if fraud_score >= threshold,138058,0,138058,13.8058,86.1942
40.5,predict 1 if fraud_score >= threshold,136454,0,136454,13.6454,86.3546
40.6,predict 1 if fraud_score >= threshold,134843,0,134843,13.4843,86.5157
40.7,predict 1 if fraud_score >= threshold,133272,0,133272,13.3272,86.6728
40.8,predict 1 if fraud_score >= threshold,131681,0,131681,13.1681,86.8319
40.9,predict 1 if fraud_score >= threshold,130033,0,130033,13.0033,86.9967
41.0,predict 1 if fraud_score >= threshold,128432,0,128432,12.8432,87.1568
41.1,predict 1 if fraud_score >= threshold,126879,0,126879,12.6879,87.3121
41.2,predict 1 if fraud_score >= threshold,125298,0,125298,12.5298,87.4702
41.3,predict 1 if fraud_score >= threshold,123777,0,123777,12.3777,87.6223
41.4,predict 1 if fraud_score >= threshold,122169,0,122169,12.2169,87.7831
41.5,predict 1 if fraud_score >= threshold,120597,0,120597,12.0597,87.9403
41.6,predict 1 if fraud_score >= threshold,119068,0,119068,11.9068,88.0932
41.7,predict 1 if fraud_score >= threshold,117513,0,117513,11.7513,88.2487
41.8,predict 1 if fraud_score >= threshold,115897,0,115897,11.5897,88.4103
41.9,predict 1 if fraud_score >= threshold,114299,0,114299,11.4299,88.5701
42.0,predict 1 if fraud_score >= threshold,112730,0,112730,11.273,88.727
42.1,predict 1 if fraud_score >= threshold,111178,0,111178,11.1178,88.8822
42.2,predict 1 if fraud_score >= threshold,109570,0,109570,10.957,89.043
42.3,predict 1 if fraud_score >= threshold,108019,0,108019,10.8019,89.1981
42.4,predict 1 if fraud_score >= threshold,106452,0,106452,10.6452,89.3548
42.5,predict 1 if fraud_score >= threshold,104868,0,104868,10.4868,89.5132
42.6,predict 1 if fraud_score >= threshold,103310,0,103310,10.331,89.669
42.7,predict 1 if fraud_score >= threshold,101803,0,101803,10.1803,89.8197
42.8,predict 1 if fraud_score >= threshold,100207,0,100207,10.0207,89.9793
42.9,predict 1 if fraud_score >= threshold,98641,0,98641,9.8641,90.1359
43.0,predict 1 if fraud_score >= threshold,97187,0,97187,9.7187,90.2813
43.1,predict 1 if fraud_score >= threshold,95639,0,95639,9.5639,90.4361
43.2,predict 1 if fraud_score >= threshold,94184,0,94184,9.4184,90.5816
43.3,predict 1 if fraud_score >= threshold,92641,0,92641,9.2641,90.7359
43.4,predict 1 if fraud_score >= threshold,91149,0,91149,9.1149,90.8851
43.5,predict 1 if fraud_score >= threshold,89665,0,89665,8.9665,91.0335
43.6,predict 1 if fraud_score >= threshold,88153,0,88153,8.8153,91.1847
43.7,predict 1 if fraud_score >= threshold,86629,0,86629,8.6629,91.3371
43.8,predict 1 if fraud_score >= threshold,85107,0,85107,8.5107,91.4893
43.9,predict 1 if fraud_score >= threshold,83594,0,83594,8.3594,91.6406
44.0,predict 1 if fraud_score >= threshold,82120,0,82120,8.212,91.788
44.1,predict 1 if fraud_score >= threshold,80606,0,80606,8.0606,91.9394
44.2,predict 1 if fraud_score >= threshold,79125,0,79125,7.9125,92.0875
44.3,predict 1 if fraud_score >= threshold,77651,0,77651,7.7651,92.2349
44.4,predict 1 if fraud_score >= threshold,76196,0,76196,7.6196,92.3804
44.5,predict 1 if fraud_score >= threshold,74777,0,74777,7.4777,92.5223
44.6,predict 1 if fraud_score >= threshold,73292,0,73292,7.3292,92.6708
44.7,predict 1 if fraud_score >= threshold,71862,0,71862,7.1862,92.8138
44.8,predict 1 if fraud_score >= threshold,70380,0,70380,7.038,92.962
44.9,predict 1 if fraud_score >= threshold,68900,0,68900,6.89,93.11
45.0,predict 1 if fraud_score >= threshold,67457,0,67457,6.7457,93.2543
45.1,predict 1 if fraud_score >= threshold,66037,0,66037,6.6037,93.3963
45.2,predict 1 if fraud_score >= threshold,64612,0,64612,6.4612,93.5388
45.3,predict 1 if fraud_score >= threshold,63170,0,63170,6.317,93.683
45.4,predict 1 if fraud_score >= threshold,61648,0,61648,6.1648,93.8352
45.5,predict 1 if fraud_score >= threshold,60242,0,60242,6.0242,93.9758
45.6,predict 1 if fraud_score >= threshold,58802,0,58802,5.8802,94.1198
45.7,predict 1 if fraud_score >= threshold,57347,0,57347,5.7347,94.2653
45.8,predict 1 if fraud_score >= threshold,55908,0,55908,5.5908,94.4092
45.9,predict 1 if fraud_score >= threshold,54464,0,54464,5.4464,94.5536
46.0,predict 1 if fraud_score >= threshold,53007,0,53007,5.3007,94.6993
46.1,predict 1 if fraud_score >= threshold,51663,0,51663,5.1663,94.8337
46.2,predict 1 if fraud_score >= threshold,50207,0,50207,5.0207,94.9793
46.3,predict 1 if fraud_score >= threshold,48830,0,48830,4.883,95.117
46.4,predict 1 if fraud_score >= threshold,47393,0,47393,4.7393,95.2607
46.5,predict 1 if fraud_score >= threshold,46054,0,46054,4.6054,95.3946
46.6,predict 1 if fraud_score >= threshold,44630,0,44630,4.463,95.537
46.7,predict 1 if fraud_score >= threshold,43254,0,43254,4.3254,95.6746
46.8,predict 1 if fraud_score >= threshold,41911,0,41911,4.1911,95.8089
46.9,predict 1 if fraud_score >= threshold,40603,0,40603,4.0603,95.9397
47.0,predict 1 if fraud_score >= threshold,39252,0,39252,3.9252,96.0748
47.1,predict 1 if fraud_score >= threshold,37878,0,37878,3.7878,96.2122
47.2,predict 1 if fraud_score >= threshold,36568,0,36568,3.6568,96.3432
47.3,predict 1 if fraud_score >= threshold,35238,0,35238,3.5238,96.4762
47.4,predict 1 if fraud_score >= threshold,33926,0,33926,3.3926,96.6074
47.5,predict 1 if fraud_score >= threshold,32595,0,32595,3.2595,96.7405
47.6,predict 1 if fraud_score >= threshold,31262,0,31262,3.1262,96.8738
47.7,predict 1 if fraud_score >= threshold,29872,0,29872,2.9872,97.0128
47.8,predict 1 if fraud_score >= threshold,28485,0,28485,2.8485,97.1515
47.9,predict 1 if fraud_score >= threshold,27208,0,27208,2.7208,97.2792
48.0,predict 1 if fraud_score >= threshold,25854,0,25854,2.5854,97.4146
48.1,predict 1 if fraud_score >= threshold,24574,0,24574,2.4574,97.5426
48.2,predict 1 if fraud_score >= threshold,23323,0,23323,2.3323,97.6677
48.3,predict 1 if fraud_score >= threshold,22005,0,22005,2.2005,97.7995
48.4,predict 1 if fraud_score >= threshold,20644,0,20644,2.0644,97.9356
48.5,predict 1 if fraud_score >= threshold,19348,0,19348,1.9348,98.0652
48.6,predict 1 if fraud_score >= threshold,18111,0,18111,1.8111,98.1889
48.7,predict 1 if fraud_score >= threshold,16846,0,16846,1.6846,98.3154
48.8,predict 1 if fraud_score >= threshold,15599,0,15599,1.5599,98.4401
48.9,predict 1 if fraud_score >= threshold,14280,0,14280,1.428,98.572
49.0,predict 1 if fraud_score >= threshold,12978,0,12978,1.2978,98.7022
49.1,predict 1 if fraud_score >= threshold,11679,0,11679,1.1679,98.8321
49.2,predict 1 if fraud_score >= threshold,10396,0,10396,1.0396,98.9604
49.3,predict 1 if fraud_score >= threshold,9149,0,9149,0.9149,99.0851
49.4,predict 1 if fraud_score >= threshold,7906,0,7906,0.7906,99.2094
49.5,predict 1 if fraud_score >= threshold,6664,0,6664,0.6664,99.3336
49.6,predict 1 if fraud_score >= threshold,5428,0,5428,0.5428,99.4572
49.7,predict 1 if fraud_score >= threshold,4219,0,4219,0.4219,99.5781
49.8,predict 1 if fraud_score >= threshold,3018,0,3018,0.3018,99.6982
49.9,predict 1 if fraud_score >= threshold,1811,0,1811,0.1811,99.8189
50.0,predict 1 if fraud_score >= threshold,607,0,607,0.0607,99.9393
50.1,predict 1 if fraud_score >= threshold,0,620,620,0.062,99.938
50.2,predict 1 if fraud_score >= threshold,0,1848,1848,0.1848,99.8152
50.3,predict 1 if fraud_score >= threshold,0,3128,3128,0.3128,99.6872
50.4,predict 1 if fraud_score >= threshold,0,4357,4357,0.4357,99.5643
50.5,predict 1 if fraud_score >= threshold,0,5634,5634,0.5634,99.4366
50.6,predict 1 if fraud_score >= threshold,0,6789,6789,0.6789,99.3211
50.7,predict 1 if fraud_score >= threshold,0,8023,8023,0.8023,99.1977
50.8,predict 1 if fraud_score >= threshold,0,9197,9197,0.9197,99.0803
50.9,predict 1 if fraud_score >= threshold,0,10362,10362,1.0362,98.9638
51.0,predict 1 if fraud_score >= threshold,0,11551,11551,1.1551,98.8449
51.1,predict 1 if fraud_score >= threshold,0,12734,12734,1.2734,98.7266
51.2,predict 1 if fraud_score >= threshold,0,13937,13937,1.3937,98.6063
51.3,predict 1 if fraud_score >= threshold,0,15123,15123,1.5123,98.4877
51.4,predict 1 if fraud_score >= threshold,0,16270,16270,1.627,98.373
51.5,predict 1 if fraud_score >= threshold,0,17423,17423,1.7423,98.2577
51.6,predict 1 if fraud_score >= threshold,0,18557,18557,1.8557,98.1443
51.7,predict 1 if fraud_score >= threshold,0,19706,19706,1.9706,98.0294
51.8,predict 1 if fraud_score >= threshold,0,20851,20851,2.0851,97.9149
51.9,predict 1 if fraud_score >= threshold,0,21955,21955,2.1955,97.8045
52.0,predict 1 if fraud_score >= threshold,0,23095,23095,2.3095,97.6905
52.1,predict 1 if fraud_score >= threshold,0,24257,24257,2.4257,97.5743
52.2,predict 1 if fraud_score >= threshold,0,25340,25340,2.534,97.466
52.3,predict 1 if fraud_score >= threshold,0,26498,26498,2.6498,97.3502
52.4,predict 1 if fraud_score >= threshold,0,27594,27594,2.7594,97.2406
52.5,predict 1 if fraud_score >= threshold,0,28735,28735,2.8735,97.1265
52.6,predict 1 if fraud_score >= threshold,0,29823,29823,2.9823,97.0177
52.7,predict 1 if fraud_score >= threshold,0,30901,30901,3.0901,96.9099
52.8,predict 1 if fraud_score >= threshold,0,32020,32020,3.202,96.798
52.9,predict 1 if fraud_score >= threshold,0,33079,33079,3.3079,96.6921
53.0,predict 1 if fraud_score >= threshold,0,34150,34150,3.415,96.585
53.1,predict 1 if fraud_score >= threshold,0,35285,35285,3.5285,96.4715
53.2,predict 1 if fraud_score >= threshold,0,36389,36389,3.6389,96.3611
53.3,predict 1 if fraud_score >= threshold,0,37455,37455,3.7455,96.2545
53.4,predict 1 if fraud_score >= threshold,0,38531,38531,3.8531,96.1469
53.5,predict 1 if fraud_score >= threshold,0,39605,39605,3.9605,96.0395
53.6,predict 1 if fraud_score >= threshold,0,40648,40648,4.0648,95.9352
53.7,predict 1 if fraud_score >= threshold,0,41732,41732,4.1732,95.8268
53.8,predict 1 if fraud_score >= threshold,0,42804,42804,4.2804,95.7196
53.9,predict 1 if fraud_score >= threshold,0,43913,43913,4.3913,95.6087
54.0,predict 1 if fraud_score >= threshold,0,44920,44920,4.492,95.508
54.1,predict 1 if fraud_score >= threshold,0,45957,45957,4.5957,95.4043
54.2,predict 1 if fraud_score >= threshold,0,46999,46999,4.6999,95.3001
54.3,predict 1 if fraud_score >= threshold,0,48022,48022,4.8022,95.1978
54.4,predict 1 if fraud_score >= threshold,0,48978,48978,4.8978,95.1022
54.5,predict 1 if fraud_score >= threshold,0,50021,50021,5.0021,94.9979
54.6,predict 1 if fraud_score >= threshold,0,50964,50964,5.0964,94.9036
54.7,predict 1 if fraud_score >= threshold,0,51994,51994,5.1994,94.8006
54.8,predict 1 if fraud_score >= threshold,0,53015,53015,5.3015,94.6985
54.9,predict 1 if fraud_score >= threshold,0,54020,54020,5.402,94.598
55.0,predict 1 if fraud_score >= threshold,0,55057,55057,5.5057,94.4943
55.1,predict 1 if fraud_score >= threshold,0,56061,56061,5.6061,94.3939
55.2,predict 1 if fraud_score >= threshold,0,57083,57083,5.7083,94.2917
55.3,predict 1 if fraud_score >= threshold,0,58116,58116,5.8116,94.1884
55.4,predict 1 if fraud_score >= threshold,0,59079,59079,5.9079,94.0921
55.5,predict 1 if fraud_score >= threshold,0,60089,60089,6.0089,93.9911
55.6,predict 1 if fraud_score >= threshold,0,61031,61031,6.1031,93.8969
55.7,predict 1 if fraud_score >= threshold,0,62016,62016,6.2016,93.7984
55.8,predict 1 if fraud_score >= threshold,0,63004,63004,6.3004,93.6996
55.9,predict 1 if fraud_score >= threshold,0,64044,64044,6.4044,93.5956
56.0,predict 1 if fraud_score >= threshold,0,64996,64996,6.4996,93.5004
56.1,predict 1 if fraud_score >= threshold,0,66002,66002,6.6002,93.3998
56.2,predict 1 if fraud_score >= threshold,0,66979,66979,6.6979,93.3021
56.3,predict 1 if fraud_score >= threshold,0,67984,67984,6.7984,93.2016
56.4,predict 1 if fraud_score >= threshold,0,68904,68904,6.8904,93.1096
56.5,predict 1 if fraud_score >= threshold,0,69903,69903,6.9903,93.0097
56.6,predict 1 if fraud_score >= threshold,0,70825,70825,7.0825,92.9175
56.7,predict 1 if fraud_score >= threshold,0,71687,71687,7.1687,92.8313
56.8,predict 1 if fraud_score >= threshold,0,72595,72595,7.2595,92.7405
56.9,predict 1 if fraud_score >= threshold,0,73497,73497,7.3497,92.6503
57.0,predict 1 if fraud_score >= threshold,0,74455,74455,7.4455,92.5545
57.1,predict 1 if fraud_score >= threshold,0,75343,75343,7.5343,92.4657
57.2,predict 1 if fraud_score >= threshold,0,76215,76215,7.6215,92.3785
57.3,predict 1 if fraud_score >= threshold,0,77118,77118,7.7118,92.2882
57.4,predict 1 if fraud_score >= threshold,0,78043,78043,7.8043,92.1957
57.5,predict 1 if fraud_score >= threshold,0,78952,78952,7.8952,92.1048
57.6,predict 1 if fraud_score >= threshold,0,79856,79856,7.9856,92.0144
57.7,predict 1 if fraud_score >= threshold,0,80725,80725,8.0725,91.9275
57.8,predict 1 if fraud_score >= threshold,0,81623,81623,8.1623,91.8377
57.9,predict 1 if fraud_score >= threshold,0,82524,82524,8.2524,91.7476
58.0,predict 1 if fraud_score >= threshold,0,83425,83425,8.3425,91.6575
58.1,predict 1 if fraud_score >= threshold,0,84319,84319,8.4319,91.5681
58.2,predict 1 if fraud_score >= threshold,0,85242,85242,8.5242,91.4758
58.3,predict 1 if fraud_score >= threshold,0,86128,86128,8.6128,91.3872
58.4,predict 1 if fraud_score >= threshold,0,87014,87014,8.7014,91.2986
58.5,predict 1 if fraud_score >= threshold,0,87842,87842,8.7842,91.2158
58.6,predict 1 if fraud_score >= threshold,0,88717,88717,8.8717,91.1283
58.7,predict 1 if fraud_score >= threshold,0,89552,89552,8.9552,91.0448
58.8,predict 1 if fraud_score >= threshold,0,90391,90391,9.0391,90.9609
58.9,predict 1 if fraud_score >= threshold,0,91204,91204,9.1204,90.8796
59.0,predict 1 if fraud_score >= threshold,0,92088,92088,9.2088,90.7912
59.1,predict 1 if fraud_score >= threshold,0,92881,92881,9.2881,90.7119
59.2,predict 1 if fraud_score >= threshold,0,93689,93689,9.3689,90.6311
59.3,predict 1 if fraud_score >= threshold,0,94572,94572,9.4572,90.5428
59.4,predict 1 if fraud_score >= threshold,0,95375,95375,9.5375,90.4625
59.5,predict 1 if fraud_score >= threshold,0,96236,96236,9.6236,90.3764
59.6,predict 1 if fraud_score >= threshold,0,97033,97033,9.7033,90.2967
59.7,predict 1 if fraud_score >= threshold,0,97816,97816,9.7816,90.2184
59.8,predict 1 if fraud_score >= threshold,0,98638,98638,9.8638,90.1362
59.9,predict 1 if fraud_score >= threshold,0,99420,99420,9.942,90.058
60.0,predict 1 if fraud_score >= threshold,0,100220,100220,10.022,89.978
60.1,predict 1 if fraud_score >= threshold,0,101027,101027,10.1027,89.8973
60.2,predict 1 if fraud_score >= threshold,0,101785,101785,10.1785,89.8215
60.3,predict 1 if fraud_score >= threshold,0,102562,102562,10.2562,89.7438
60.4,predict 1 if fraud_score >= threshold,0,103306,103306,10.3306,89.6694
60.5,predict 1 if fraud_score >= threshold,0,104063,104063,10.4063,89.5937
60.6,predict 1 if fraud_score >= threshold,0,104849,104849,10.4849,89.5151
60.7,predict 1 if fraud_score >= threshold,0,105622,105622,10.5622,89.4378
60.8,predict 1 if fraud_score >= threshold,0,106361,106361,10.6361,89.3639
60.9,predict 1 if fraud_score >= threshold,0,107117,107117,10.7117,89.2883
61.0,predict 1 if fraud_score >= threshold,0,107853,107853,10.7853,89.2147
61.1,predict 1 if fraud_score >= threshold,0,108573,108573,10.8573,89.1427
61.2,predict 1 if fraud_score >= threshold,0,109345,109345,10.9345,89.0655
61.3,predict 1 if fraud_score >= threshold,0,110119,110119,11.0119,88.9881
61.4,predict 1 if fraud_score >= threshold,0,110855,110855,11.0855,88.9145
61.5,predict 1 if fraud_score >= threshold,0,111604,111604,11.1604,88.8396
61.6,predict 1 if fraud_score >= threshold,0,112293,112293,11.2293,88.7707
61.7,predict 1 if fraud_score >= threshold,0,112991,112991,11.2991,88.7009
61.8,predict 1 if fraud_score >= threshold,0,113705,113705,11.3705,88.6295
61.9,predict 1 if fraud_score >= threshold,0,114404,114404,11.4404,88.5596
62.0,predict 1 if fraud_score >= threshold,0,115129,115129,11.5129,88.4871
62.1,predict 1 if fraud_score >= threshold,0,115819,115819,11.5819,88.4181
62.2,predict 1 if fraud_score >= threshold,0,116537,116537,11.6537,88.3463
62.3,predict 1 if fraud_score >= threshold,0,117260,117260,11.726,88.274
62.4,predict 1 if fraud_score >= threshold,0,117930,117930,11.793,88.207
62.5,predict 1 if fraud_score >= threshold,0,118636,118636,11.8636,88.1364
62.6,predict 1 if fraud_score >= threshold,0,119349,119349,11.9349,88.0651
62.7,predict 1 if fraud_score >= threshold,0,120062,120062,12.0062,87.9938
62.8,predict 1 if fraud_score >= threshold,0,120789,120789,12.0789,87.9211
62.9,predict 1 if fraud_score >= threshold,0,121455,121455,12.1455,87.8545
63.0,predict 1 if fraud_score >= threshold,0,122116,122116,12.2116,87.7884
63.1,predict 1 if fraud_score >= threshold,0,122771,122771,12.2771,87.7229
63.2,predict 1 if fraud_score >= threshold,0,123446,123446,12.3446,87.6554
63.3,predict 1 if fraud_score >= threshold,0,124132,124132,12.4132,87.5868
63.4,predict 1 if fraud_score >= threshold,0,124836,124836,12.4836,87.5164
63.5,predict 1 if fraud_score >= threshold,0,125517,125517,12.5517,87.4483
63.6,predict 1 if fraud_score >= threshold,0,126172,126172,12.6172,87.3828
63.7,predict 1 if fraud_score >= threshold,0,126821,126821,12.6821,87.3179
63.8,predict 1 if fraud_score >= threshold,0,127455,127455,12.7455,87.2545
63.9,predict 1 if fraud_score >= threshold,0,128090,128090,12.809,87.191
64.0,predict 1 if fraud_score >= threshold,0,128760,128760,12.876,87.124
64.1,predict 1 if fraud_score >= threshold,0,129379,129379,12.9379,87.0621
64.2,predict 1 if fraud_score >= threshold,0,130035,130035,13.0035,86.9965
64.3,predict 1 if fraud_score >= threshold,0,130616,130616,13.0616,86.9384
64.4,predict 1 if fraud_score >= threshold,0,131203,131203,13.1203,86.8797
64.5,predict 1 if fraud_score >= threshold,0,131866,131866,13.1866,86.8134
64.6,predict 1 if fraud_score >= threshold,0,132448,132448,13.2448,86.7552
64.7,predict 1 if fraud_score >= threshold,0,133057,133057,13.3057,86.6943
64.8,predict 1 if fraud_score >= threshold,0,133689,133689,13.3689,86.6311
64.9,predict 1 if fraud_score >= threshold,0,134318,134318,13.4318,86.5682
65.0,predict 1 if fraud_score >= threshold,0,134943,134943,13.4943,86.5057
65.1,predict 1 if fraud_score >= threshold,0,135569,135569,13.5569,86.4431
65.2,predict 1 if fraud_score >= threshold,0,136174,136174,13.6174,86.3826
65.3,predict 1 if fraud_score >= threshold,0,136765,136765,13.6765,86.3235
65.4,predict 1 if fraud_score >= threshold,0,137338,137338,13.7338,86.2662
65.5,predict 1 if fraud_score >= threshold,0,137950,137950,13.795,86.205
65.6,predict 1 if fraud_score >= threshold,0,138547,138547,13.8547,86.1453
65.7,predict 1 if fraud_score >= threshold,0,139109,139109,13.9109,86.0891
65.8,predict 1 if fraud_score >= threshold,0,139707,139707,13.9707,86.0293
65.9,predict 1 if fraud_score >= threshold,0,140286,140286,14.0286,85.9714
66.0,predict 1 if fraud_score >= threshold,0,140862,140862,14.0862,85.9138
66.1,predict 1 if fraud_score >= threshold,0,141449,141449,14.1449,85.8551
66.2,predict 1 if fraud_score >= threshold,0,141993,141993,14.1993,85.8007
66.3,predict 1 if fraud_score >= threshold,0,142519,142519,14.2519,85.7481
66.4,predict 1 if fraud_score >= threshold,0,143061,143061,14.3061,85.6939
66.5,predict 1 if fraud_score >= threshold,0,143577,143577,14.3577,85.6423
66.6,predict 1 if fraud_score >= threshold,0,144132,144132,14.4132,85.5868
66.7,predict 1 if fraud_score >= threshold,0,144719,144719,14.4719,85.5281
66.8,predict 1 if fraud_score >= threshold,0,145298,145298,14.5298,85.4702
66.9,predict 1 if fraud_score >= threshold,0,145848,145848,14.5848,85.4152
67.0,predict 1 if fraud_score >= threshold,0,146348,146348,14.6348,85.3652
67.1,predict 1 if fraud_score >= threshold,0,146908,146908,14.6908,85.3092
67.2,predict 1 if fraud_score >= threshold,0,147482,147482,14.7482,85.2518
67.3,predict 1 if fraud_score >= threshold,0,148014,148014,14.8014,85.1986
67.4,predict 1 if fraud_score >= threshold,0,148550,148550,14.855,85.145
67.5,predict 1 if fraud_score >= threshold,0,149069,149069,14.9069,85.0931
67.6,predict 1 if fraud_score >= threshold,0,149652,149652,14.9652,85.0348
67.7,predict 1 if fraud_score >= threshold,0,150177,150177,15.0177,84.9823
67.8,predict 1 if fraud_score >= threshold,0,150669,150669,15.0669,84.9331
67.9,predict 1 if fraud_score >= threshold,0,151184,151184,15.1184,84.8816
68.0,predict 1 if fraud_score >= threshold,0,151667,151667,15.1667,84.8333
68.1,predict 1 if fraud_score >= threshold,0,152192,152192,15.2192,84.7808
68.2,predict 1 if fraud_score >= threshold,0,152700,152700,15.27,84.73
68.3,predict 1 if fraud_score >= threshold,0,153238,153238,15.3238,84.6762
68.4,predict 1 if fraud_score >= threshold,0,153736,153736,15.3736,84.6264
68.5,predict 1 if fraud_score >= threshold,0,154210,154210,15.421,84.579
68.6,predict 1 if fraud_score >= threshold,0,154724,154724,15.4724,84.5276
68.7,predict 1 if fraud_score >= threshold,0,155222,155222,15.5222,84.4778
68.8,predict 1 if fraud_score >= threshold,0,155714,155714,15.5714,84.4286
68.9,predict 1 if fraud_score >= threshold,0,156180,156180,15.618,84.382
69.0,predict 1 if fraud_score >= threshold,0,156647,156647,15.6647,84.3353
69.1,predict 1 if fraud_score >= threshold,0,157160,157160,15.716,84.284
69.2,predict 1 if fraud_score >= threshold,0,157641,157641,15.7641,84.2359
69.3,predict 1 if fraud_score >= threshold,0,158105,158105,15.8105,84.1895
69.4,predict 1 if fraud_score >= threshold,0,158585,158585,15.8585,84.1415
69.5,predict 1 if fraud_score >= threshold,0,159045,159045,15.9045,84.0955
69.6,predict 1 if fraud_score >= threshold,0,159519,159519,15.9519,84.0481
69.7,predict 1 if fraud_score >= threshold,0,159959,159959,15.9959,84.0041
69.8,predict 1 if fraud_score >= threshold,0,160395,160395,16.0395,83.9605
69.9,predict 1 if fraud_score >= threshold,0,160864,160864,16.0864,83.9136
70.0,predict 1 if fraud_score >= threshold,0,161323,161323,16.1323,83.8677
70.1,predict 1 if fraud_score >= threshold,0,161788,161788,16.1788,83.8212
70.2,predict 1 if fraud_score >= threshold,0,162210,162210,16.221,83.779
70.3,predict 1 if fraud_score >= threshold,0,162671,162671,16.2671,83.7329
70.4,predict 1 if fraud_score >= threshold,0,163084,163084,16.3084,83.6916
70.5,predict 1 if fraud_score >= threshold,0,163547,163547,16.3547,83.6453
70.6,predict 1 if fraud_score >= threshold,0,163983,163983,16.3983,83.6017
70.7,predict 1 if fraud_score >= threshold,0,164410,164410,16.441,83.559
70.8,predict 1 if fraud_score >= threshold,0,164849,164849,16.4849,83.5151
70.9,predict 1 if fraud_score >= threshold,0,165252,165252,16.5252,83.4748
71.0,predict 1 if fraud_score >= threshold,0,165672,165672,16.5672,83.4328
71.1,predict 1 if fraud_score >= threshold,0,166079,166079,16.6079,83.3921
71.2,predict 1 if fraud_score >= threshold,0,166499,166499,16.6499,83.3501
71.3,predict 1 if fraud_score >= threshold,0,166915,166915,16.6915,83.3085
71.4,predict 1 if fraud_score >= threshold,0,167348,167348,16.7348,83.2652
71.5,predict 1 if fraud_score >= threshold,0,167770,167770,16.777,83.223
71.6,predict 1 if fraud_score >= threshold,0,168159,168159,16.8159,83.1841
71.7,predict 1 if fraud_score >= threshold,0,168554,168554,16.8554,83.1446
71.8,predict 1 if fraud_score >= threshold,0,168978,168978,16.8978,83.1022
71.9,predict 1 if fraud_score >= threshold,0,169383,169383,16.9383,83.0617
72.0,predict 1 if fraud_score >= threshold,0,169777,169777,16.9777,83.0223
72.1,predict 1 if fraud_score >= threshold,0,170186,170186,17.0186,82.9814
72.2,predict 1 if fraud_score >= threshold,0,170555,170555,17.0555,82.9445
72.3,predict 1 if fraud_score >= threshold,0,170928,170928,17.0928,82.9072
72.4,predict 1 if fraud_score >= threshold,0,171302,171302,17.1302,82.8698
72.5,predict 1 if fraud_score >= threshold,0,171700,171700,17.17,82.83
72.6,predict 1 if fraud_score >= threshold,0,172052,172052,17.2052,82.7948
72.7,predict 1 if fraud_score >= threshold,0,172468,172468,17.2468,82.7532
72.8,predict 1 if fraud_score >= threshold,0,172864,172864,17.2864,82.7136
72.9,predict 1 if fraud_score >= threshold,0,173231,173231,17.3231,82.6769
73.0,predict 1 if fraud_score >= threshold,0,173640,173640,17.364,82.636
73.1,predict 1 if fraud_score >= threshold,0,174060,174060,17.406,82.594
73.2,predict 1 if fraud_score >= threshold,0,174434,174434,17.4434,82.5566
73.3,predict 1 if fraud_score >= threshold,0,174819,174819,17.4819,82.5181
73.4,predict 1 if fraud_score >= threshold,0,175168,175168,17.5168,82.4832
73.5,predict 1 if fraud_score >= threshold,0,175540,175540,17.554,82.446
73.6,predict 1 if fraud_score >= threshold,0,175895,175895,17.5895,82.4105
73.7,predict 1 if fraud_score >= threshold,0,176252,176252,17.6252,82.3748
73.8,predict 1 if fraud_score >= threshold,0,176600,176600,17.66,82.34
73.9,predict 1 if fraud_score >= threshold,0,176960,176960,17.696,82.304
74.0,predict 1 if fraud_score >= threshold,0,177323,177323,17.7323,82.2677
74.1,predict 1 if fraud_score >= threshold,0,177620,177620,17.762,82.238
74.2,predict 1 if fraud_score >= threshold,0,177977,177977,17.7977,82.2023
74.3,predict 1 if fraud_score >= threshold,0,178352,178352,17.8352,82.1648
74.4,predict 1 if fraud_score >= threshold,0,178702,178702,17.8702,82.1298
74.5,predict 1 if fraud_score >= threshold,0,179050,179050,17.905,82.095
74.6,predict 1 if fraud_score >= threshold,0,179371,179371,17.9371,82.0629
74.7,predict 1 if fraud_score >= threshold,0,179694,179694,17.9694,82.0306
74.8,predict 1 if fraud_score >= threshold,0,180049,180049,18.0049,81.9951
74.9,predict 1 if fraud_score >= threshold,0,180399,180399,18.0399,81.9601
75.0,predict 1 if fraud_score >= threshold,0,180713,180713,18.0713,81.9287
75.1,predict 1 if fraud_score >= threshold,0,181052,181052,18.1052,81.8948
75.2,predict 1 if fraud_score >= threshold,0,181370,181370,18.137,81.863
75.3,predict 1 if fraud_score >= threshold,0,181697,181697,18.1697,81.8303
75.4,predict 1 if fraud_score >= threshold,0,182002,182002,18.2002,81.7998
75.5,predict 1 if fraud_score >= threshold,0,182326,182326,18.2326,81.7674
75.6,predict 1 if fraud_score >= threshold,0,182636,182636,18.2636,81.7364
75.7,predict 1 if fraud_score >= threshold,0,182948,182948,18.2948,81.7052
75.8,predict 1 if fraud_score >= threshold,0,183212,183212,18.3212,81.6788
75.9,predict 1 if fraud_score >= threshold,0,183531,183531,18.3531,81.6469
76.0,predict 1 if fraud_score >= threshold,0,183846,183846,18.3846,81.6154
76.1,predict 1 if fraud_score >= threshold,0,184148,184148,18.4148,81.5852
76.2,predict 1 if fraud_score >= threshold,0,184460,184460,18.446,81.554
76.3,predict 1 if fraud_score >= threshold,0,184773,184773,18.4773,81.5227
76.4,predict 1 if fraud_score >= threshold,0,185061,185061,18.5061,81.4939
76.5,predict 1 if fraud_score >= threshold,0,185380,185380,18.538,81.462
76.6,predict 1 if fraud_score >= threshold,0,185687,185687,18.5687,81.4313
76.7,predict 1 if fraud_score >= threshold,0,185959,185959,18.5959,81.4041
76.8,predict 1 if fraud_score >= threshold,0,186227,186227,18.6227,81.3773
76.9,predict 1 if fraud_score >= threshold,0,186530,186530,18.653,81.347
77.0,predict 1 if fraud_score >= threshold,0,186827,186827,18.6827,81.3173
77.1,predict 1 if fraud_score >= threshold,0,187128,187128,18.7128,81.2872
77.2,predict 1 if fraud_score >= threshold,0,187401,187401,18.7401,81.2599
77.3,predict 1 if fraud_score >= threshold,0,187669,187669,18.7669,81.2331
77.4,predict 1 if fraud_score >= threshold,0,187946,187946,18.7946,81.2054
77.5,predict 1 if fraud_score >= threshold,0,188252,188252,18.8252,81.1748
77.6,predict 1 if fraud_score >= threshold,0,188522,188522,18.8522,81.1478
77.7,predict 1 if fraud_score >= threshold,0,188804,188804,18.8804,81.1196
77.8,predict 1 if fraud_score >= threshold,0,189077,189077,18.9077,81.0923
77.9,predict 1 if fraud_score >= threshold,0,189350,189350,18.935,81.065
78.0,predict 1 if fraud_score >= threshold,0,189606,189606,18.9606,81.0394
78.1,predict 1 if fraud_score >= threshold,0,189890,189890,18.989,81.011
78.2,predict 1 if fraud_score >= threshold,0,190152,190152,19.0152,80.9848
78.3,predict 1 if fraud_score >= threshold,0,190400,190400,19.04,80.96
78.4,predict 1 if fraud_score >= threshold,0,190650,190650,19.065,80.935
78.5,predict 1 if fraud_score >= threshold,0,190873,190873,19.0873,80.9127
78.6,predict 1 if fraud_score >= threshold,0,191117,191117,19.1117,80.8883
78.7,predict 1 if fraud_score >= threshold,0,191396,191396,19.1396,80.8604
78.8,predict 1 if fraud_score >= threshold,0,191636,191636,19.1636,80.8364
78.9,predict 1 if fraud_score >= threshold,0,191919,191919,19.1919,80.8081
79.0,predict 1 if fraud_score >= threshold,0,192154,192154,19.2154,80.7846
79.1,predict 1 if fraud_score >= threshold,0,192377,192377,19.2377,80.7623
79.2,predict 1 if fraud_score >= threshold,0,192600,192600,19.26,80.74
79.3,predict 1 if fraud_score >= threshold,0,192804,192804,19.2804,80.7196
79.4,predict 1 if fraud_score >= threshold,0,193067,193067,19.3067,80.6933
79.5,predict 1 if fraud_score >= threshold,0,193289,193289,19.3289,80.6711
79.6,predict 1 if fraud_score >= threshold,0,193537,193537,19.3537,80.6463
79.7,predict 1 if fraud_score >= threshold,0,193805,193805,19.3805,80.6195
79.8,predict 1 if fraud_score >= threshold,0,194035,194035,19.4035,80.5965
79.9,predict 1 if fraud_score >= threshold,0,194236,194236,19.4236,80.5764
80.0,predict 1 if fraud_score >= threshold,0,194482,194482,19.4482,80.5518
80.1,predict 1 if fraud_score >= threshold,0,194703,194703,19.4703,80.5297
80.2,predict 1 if fraud_score >= threshold,0,194923,194923,19.4923,80.5077
80.3,predict 1 if fraud_score >= threshold,0,195161,195161,19.5161,80.4839
80.4,predict 1 if fraud_score >= threshold,0,195396,195396,19.5396,80.4604
80.5,predict 1 if fraud_score >= threshold,0,195629,195629,19.5629,80.4371
80.6,predict 1 if fraud_score >= threshold,0,195851,195851,19.5851,80.4149
80.7,predict 1 if fraud_score >= threshold,0,196074,196074,19.6074,80.3926
80.8,predict 1 if fraud_score >= threshold,0,196269,196269,19.6269,80.3731
80.9,predict 1 if fraud_score >= threshold,0,196472,196472,19.6472,80.3528
81.0,predict 1 if fraud_score >= threshold,0,196694,196694,19.6694,80.3306
81.1,predict 1 if fraud_score >= threshold,0,196890,196890,19.689,80.311
81.2,predict 1 if fraud_score >= threshold,0,197114,197114,19.7114,80.2886
81.3,predict 1 if fraud_score >= threshold,0,197321,197321,19.7321,80.2679
81.4,predict 1 if fraud_score >= threshold,0,197532,197532,19.7532,80.2468
81.5,predict 1 if fraud_score >= threshold,0,197767,197767,19.7767,80.2233
81.6,predict 1 if fraud_score >= threshold,0,197967,197967,19.7967,80.2033
81.7,predict 1 if fraud_score >= threshold,0,198185,198185,19.8185,80.1815
81.8,predict 1 if fraud_score >= threshold,0,198382,198382,19.8382,80.1618
81.9,predict 1 if fraud_score >= threshold,0,198586,198586,19.8586,80.1414
82.0,predict 1 if fraud_score >= threshold,0,198809,198809,19.8809,80.1191
82.1,predict 1 if fraud_score >= threshold,0,199010,199010,19.901,80.099
82.2,predict 1 if fraud_score >= threshold,0,199194,199194,19.9194,80.0806
82.3,predict 1 if fraud_score >= threshold,0,199382,199382,19.9382,80.0618
82.4,predict 1 if fraud_score >= threshold,0,199564,199564,19.9564,80.0436
82.5,predict 1 if fraud_score >= threshold,0,199768,199768,19.9768,80.0232
82.6,predict 1 if fraud_score >= threshold,0,199948,199948,19.9948,80.0052
82.7,predict 1 if fraud_score >= threshold,0,200145,200145,20.0145,79.9855
82.8,predict 1 if fraud_score >= threshold,0,200347,200347,20.0347,79.9653
82.9,predict 1 if fraud_score >= threshold,0,200532,200532,20.0532,79.9468
83.0,predict 1 if fraud_score >= threshold,0,200711,200711,20.0711,79.9289
83.1,predict 1 if fraud_score >= threshold,0,200910,200910,20.091,79.909
83.2,predict 1 if fraud_score >= threshold,0,201099,201099,20.1099,79.8901
83.3,predict 1 if fraud_score >= threshold,0,201263,201263,20.1263,79.8737
83.4,predict 1 if fraud_score >= threshold,0,201448,201448,20.1448,79.8552
83.5,predict 1 if fraud_score >= threshold,0,201628,201628,20.1628,79.8372
83.6,predict 1 if fraud_score >= threshold,0,201798,201798,20.1798,79.8202
83.7,predict 1 if fraud_score >= threshold,0,201967,201967,20.1967,79.8033
83.8,predict 1 if fraud_score >= threshold,0,202146,202146,20.2146,79.7854
83.9,predict 1 if fraud_score >= threshold,0,202360,202360,20.236,79.764
84.0,predict 1 if fraud_score >= threshold,0,202549,202549,20.2549,79.7451
84.1,predict 1 if fraud_score >= threshold,0,202732,202732,20.2732,79.7268
84.2,predict 1 if fraud_score >= threshold,0,202894,202894,20.2894,79.7106
84.3,predict 1 if fraud_score >= threshold,0,203059,203059,20.3059,79.6941
84.4,predict 1 if fraud_score >= threshold,0,203221,203221,20.3221,79.6779
84.5,predict 1 if fraud_score >= threshold,0,203390,203390,20.339,79.661
84.6,predict 1 if fraud_score >= threshold,0,203551,203551,20.3551,79.6449
84.7,predict 1 if fraud_score >= threshold,0,203727,203727,20.3727,79.6273
84.8,predict 1 if fraud_score >= threshold,0,203880,203880,20.388,79.612
84.9,predict 1 if fraud_score >= threshold,0,204028,204028,20.4028,79.5972
85.0,predict 1 if fraud_score >= threshold,0,204169,204169,20.4169,79.5831
85.1,predict 1 if fraud_score >= threshold,0,204330,204330,20.433,79.567
85.2,predict 1 if fraud_score >= threshold,0,204488,204488,20.4488,79.5512
85.3,predict 1 if fraud_score >= threshold,0,204648,204648,20.4648,79.5352
85.4,predict 1 if fraud_score >= threshold,0,204788,204788,20.4788,79.5212
85.5,predict 1 if fraud_score >= threshold,0,204926,204926,20.4926,79.5074
85.6,predict 1 if fraud_score >= threshold,0,205089,205089,20.5089,79.4911
85.7,predict 1 if fraud_score >= threshold,0,205247,205247,20.5247,79.4753
85.8,predict 1 if fraud_score >= threshold,0,205421,205421,20.5421,79.4579
85.9,predict 1 if fraud_score >= threshold,0,205574,205574,20.5574,79.4426
86.0,predict 1 if fraud_score >= threshold,0,205721,205721,20.5721,79.4279
86.1,predict 1 if fraud_score >= threshold,0,205880,205880,20.588,79.412
86.2,predict 1 if fraud_score >= threshold,0,206029,206029,20.6029,79.3971
86.3,predict 1 if fraud_score >= threshold,0,206170,206170,20.617,79.383
86.4,predict 1 if fraud_score >= threshold,0,206346,206346,20.6346,79.3654
86.5,predict 1 if fraud_score >= threshold,0,206495,206495,20.6495,79.3505
86.6,predict 1 if fraud_score >= threshold,0,206659,206659,20.6659,79.3341
86.7,predict 1 if fraud_score >= threshold,0,206780,206780,20.678,79.322
86.8,predict 1 if fraud_score >= threshold,0,206907,206907,20.6907,79.3093
86.9,predict 1 if fraud_score >= threshold,0,207047,207047,20.7047,79.2953
87.0,predict 1 if fraud_score >= threshold,0,207187,207187,20.7187,79.2813
87.1,predict 1 if fraud_score >= threshold,0,207333,207333,20.7333,79.2667
87.2,predict 1 if fraud_score >= threshold,0,207456,207456,20.7456,79.2544
87.3,predict 1 if fraud_score >= threshold,0,207591,207591,20.7591,79.2409
87.4,predict 1 if fraud_score >= threshold,0,207726,207726,20.7726,79.2274
87.5,predict 1 if fraud_score >= threshold,0,207844,207844,20.7844,79.2156
87.6,predict 1 if fraud_score >= threshold,0,207970,207970,20.797,79.203
87.7,predict 1 if fraud_score >= threshold,0,208101,208101,20.8101,79.1899
87.8,predict 1 if fraud_score >= threshold,0,208252,208252,20.8252,79.1748
87.9,predict 1 if fraud_score >= threshold,0,208386,208386,20.8386,79.1614
88.0,predict 1 if fraud_score >= threshold,0,208502,208502,20.8502,79.1498
88.1,predict 1 if fraud_score >= threshold,0,208625,208625,20.8625,79.1375
88.2,predict 1 if fraud_score >= threshold,0,208738,208738,20.8738,79.1262
88.3,predict 1 if fraud_score >= threshold,0,208870,208870,20.887,79.113
88.4,predict 1 if fraud_score >= threshold,0,208993,208993,20.8993,79.1007
88.5,predict 1 if fraud_score >= threshold,0,209098,209098,20.9098,79.0902
88.6,predict 1 if fraud_score >= threshold,0,209223,209223,20.9223,79.0777
88.7,predict 1 if fraud_score >= threshold,0,209349,209349,20.9349,79.0651
88.8,predict 1 if fraud_score >= threshold,0,209467,209467,20.9467,79.0533
88.9,predict 1 if fraud_score >= threshold,0,209598,209598,20.9598,79.0402
89.0,predict 1 if fraud_score >= threshold,0,209708,209708,20.9708,79.0292
89.1,predict 1 if fraud_score >= threshold,0,209833,209833,20.9833,79.0167
89.2,predict 1 if fraud_score >= threshold,0,209944,209944,20.9944,79.0056
89.3,predict 1 if fraud_score >= threshold,0,210073,210073,21.0073,78.9927
89.4,predict 1 if fraud_score >= threshold,0,210179,210179,21.0179,78.9821
89.5,predict 1 if fraud_score >= threshold,0,210286,210286,21.0286,78.9714
89.6,predict 1 if fraud_score >= threshold,0,210402,210402,21.0402,78.9598
89.7,predict 1 if fraud_score >= threshold,0,210509,210509,21.0509,78.9491
89.8,predict 1 if fraud_score >= threshold,0,210607,210607,21.0607,78.9393
89.9,predict 1 if fraud_score >= threshold,0,210721,210721,21.0721,78.9279
90.0,predict 1 if fraud_score >= threshold,0,210824,210824,21.0824,78.9176
90.1,predict 1 if fraud_score >= threshold,0,210927,210927,21.0927,78.9073
90.2,predict 1 if fraud_score >= threshold,0,211025,211025,21.1025,78.8975
90.3,predict 1 if fraud_score >= threshold,0,211111,211111,21.1111,78.8889
90.4,predict 1 if fraud_score >= threshold,0,211215,211215,21.1215,78.8785
90.5,predict 1 if fraud_score >= threshold,0,211324,211324,21.1324,78.8676
90.6,predict 1 if fraud_score >= threshold,0,211425,211425,21.1425,78.8575
90.7,predict 1 if fraud_score >= threshold,0,211531,211531,21.1531,78.8469
90.8,predict 1 if fraud_score >= threshold,0,211623,211623,21.1623,78.8377
90.9,predict 1 if fraud_score >= threshold,0,211720,211720,21.172,78.828
91.0,predict 1 if fraud_score >= threshold,0,211824,211824,21.1824,78.8176
91.1,predict 1 if fraud_score >= threshold,0,211920,211920,21.192,78.808
91.2,predict 1 if fraud_score >= threshold,0,212032,212032,21.2032,78.7968
91.3,predict 1 if fraud_score >= threshold,0,212138,212138,21.2138,78.7862
91.4,predict 1 if fraud_score >= threshold,0,212221,212221,21.2221,78.7779
91.5,predict 1 if fraud_score >= threshold,0,212309,212309,21.2309,78.7691
91.6,predict 1 if fraud_score >= threshold,0,212391,212391,21.2391,78.7609
91.7,predict 1 if fraud_score >= threshold,0,212483,212483,21.2483,78.7517
91.8,predict 1 if fraud_score >= threshold,0,212569,212569,21.2569,78.7431
91.9,predict 1 if fraud_score >= threshold,0,212654,212654,21.2654,78.7346
92.0,predict 1 if fraud_score >= threshold,0,212728,212728,21.2728,78.7272
92.1,predict 1 if fraud_score >= threshold,0,212824,212824,21.2824,78.7176
92.2,predict 1 if fraud_score >= threshold,0,212892,212892,21.2892,78.7108
92.3,predict 1 if fraud_score >= threshold,0,212975,212975,21.2975,78.7025
92.4,predict 1 if fraud_score >= threshold,0,213077,213077,21.3077,78.6923
92.5,predict 1 if fraud_score >= threshold,0,213174,213174,21.3174,78.6826
92.6,predict 1 if fraud_score >= threshold,0,213272,213272,21.3272,78.6728
92.7,predict 1 if fraud_score >= threshold,0,213366,213366,21.3366,78.6634
92.8,predict 1 if fraud_score >= threshold,0,213459,213459,21.3459,78.6541
92.9,predict 1 if fraud_score >= threshold,0,213543,213543,21.3543,78.6457
93.0,predict 1 if fraud_score >= threshold,0,213634,213634,21.3634,78.6366
93.1,predict 1 if fraud_score >= threshold,0,213718,213718,21.3718,78.6282
93.2,predict 1 if fraud_score >= threshold,0,213814,213814,21.3814,78.6186
93.3,predict 1 if fraud_score >= threshold,0,213910,213910,21.391,78.609
93.4,predict 1 if fraud_score >= threshold,0,213985,213985,21.3985,78.6015
93.5,predict 1 if fraud_score >= threshold,0,214054,214054,21.4054,78.5946
93.6,predict 1 if fraud_score >= threshold,0,214128,214128,21.4128,78.5872
93.7,predict 1 if fraud_score >= threshold,0,214194,214194,21.4194,78.5806
93.8,predict 1 if fraud_score >= threshold,0,214267,214267,21.4267,78.5733
93.9,predict 1 if fraud_score >= threshold,0,214338,214338,21.4338,78.5662
94.0,predict 1 if fraud_score >= threshold,0,214409,214409,21.4409,78.5591
94.1,predict 1 if fraud_score >= threshold,0,214482,214482,21.4482,78.5518
94.2,predict 1 if fraud_score >= threshold,0,214570,214570,21.457,78.543
94.3,predict 1 if fraud_score >= threshold,0,214657,214657,21.4657,78.5343
94.4,predict 1 if fraud_score >= threshold,0,214725,214725,21.4725,78.5275
94.5,predict 1 if fraud_score >= threshold,0,214783,214783,21.4783,78.5217
94.6,predict 1 if fraud_score >= threshold,0,214850,214850,21.485,78.515
94.7,predict 1 if fraud_score >= threshold,0,214913,214913,21.4913,78.5087
94.8,predict 1 if fraud_score >= threshold,0,214979,214979,21.4979,78.5021
94.9,predict 1 if fraud_score >= threshold,0,215047,215047,21.5047,78.4953
95.0,predict 1 if fraud_score >= threshold,0,215121,215121,21.5121,78.4879
95.1,predict 1 if fraud_score >= threshold,0,215189,215189,21.5189,78.4811
95.2,predict 1 if fraud_score >= threshold,0,215254,215254,21.5254,78.4746
95.3,predict 1 if fraud_score >= threshold,0,215325,215325,21.5325,78.4675
95.4,predict 1 if fraud_score >= threshold,0,215382,215382,21.5382,78.4618
95.5,predict 1 if fraud_score >= threshold,0,215450,215450,21.545,78.455
95.6,predict 1 if fraud_score >= threshold,0,215519,215519,21.5519,78.4481
95.7,predict 1 if fraud_score >= threshold,0,215575,215575,21.5575,78.4425
95.8,predict 1 if fraud_score >= threshold,0,215647,215647,21.5647,78.4353
95.9,predict 1 if fraud_score >= threshold,0,215714,215714,21.5714,78.4286
96.0,predict 1 if fraud_score >= threshold,0,215774,215774,21.5774,78.4226
96.1,predict 1 if fraud_score >= threshold,0,215841,215841,21.5841,78.4159
96.2,predict 1 if fraud_score >= threshold,0,215886,215886,21.5886,78.4114
96.3,predict 1 if fraud_score >= threshold,0,215939,215939,21.5939,78.4061
96.4,predict 1 if fraud_score >= threshold,0,216001,216001,21.6001,78.3999
96.5,predict 1 if fraud_score >= threshold,0,216049,216049,21.6049,78.3951
96.6,predict 1 if fraud_score >= threshold,0,216105,216105,21.6105,78.3895
96.7,predict 1 if fraud_score >= threshold,0,216160,216160,21.616,78.384
96.8,predict 1 if fraud_score >= threshold,0,216215,216215,21.6215,78.3785
96.9,predict 1 if fraud_score >= threshold,0,216265,216265,21.6265,78.3735
97.0,predict 1 if fraud_score >= threshold,0,216326,216326,21.6326,78.3674
97.1,predict 1 if fraud_score >= threshold,0,216383,216383,21.6383,78.3617
97.2,predict 1 if fraud_score >= threshold,0,216442,216442,21.6442,78.3558
97.3,predict 1 if fraud_score >= threshold,0,216508,216508,21.6508,78.3492
97.4,predict 1 if fraud_score >= threshold,0,216557,216557,21.6557,78.3443
97.5,predict 1 if fraud_score >= threshold,0,216619,216619,21.6619,78.3381
97.6,predict 1 if fraud_score >= threshold,0,216669,216669,21.6669,78.3331
97.7,predict 1 if fraud_score >= threshold,0,216731,216731,21.6731,78.3269
97.8,predict 1 if fraud_score >= threshold,0,216778,216778,21.6778,78.3222
97.9,predict 1 if fraud_score >= threshold,0,216832,216832,21.6832,78.3168
98.0,predict 1 if fraud_score >= threshold,0,216884,216884,21.6884,78.3116
98.1,predict 1 if fraud_score >= threshold,0,216943,216943,21.6943,78.3057
98.2,predict 1 if fraud_score >= threshold,0,216992,216992,21.6992,78.3008
98.3,predict 1 if fraud_score >= threshold,0,217039,217039,21.7039,78.2961
98.4,predict 1 if fraud_score >= threshold,0,217087,217087,21.7087,78.2913
98.5,predict 1 if fraud_score >= threshold,0,217136,217136,21.7136,78.2864
98.6,predict 1 if fraud_score >= threshold,0,217189,217189,21.7189,78.2811
98.7,predict 1 if fraud_score >= threshold,0,217249,217249,21.7249,78.2751
98.8,predict 1 if fraud_score >= threshold,0,217297,217297,21.7297,78.2703
98.9,predict 1 if fraud_score >= threshold,0,217350,217350,21.735,78.265
99.0,predict 1 if fraud_score >= threshold,0,217405,217405,21.7405,78.2595
99.1,predict 1 if fraud_score >= threshold,0,217461,217461,21.7461,78.2539
99.2,predict 1 if fraud_score >= threshold,0,217500,217500,21.75,78.25
99.3,predict 1 if fraud_score >= threshold,0,217534,217534,21.7534,78.2466
99.4,predict 1 if fraud_score >= threshold,0,217578,217578,21.7578,78.2422
99.5,predict 1 if fraud_score >= threshold,0,217626,217626,21.7626,78.2374
99.6,predict 1 if fraud_score >= threshold,0,217664,217664,21.7664,78.2336
99.7,predict 1 if fraud_score >= threshold,0,217711,217711,21.7711,78.2289
99.8,predict 1 if fraud_score >= threshold,0,217748,217748,21.7748,78.2252
99.9,predict 1 if fraud_score >= threshold,0,217781,217781,21.7781,78.2219
100.0,predict 1 if fraud_score >= threshold,0,217832,217832,21.7832,78.2168
