dimension_name,surrogate_key,surrogate_key_datatype,natural_key_source_columns,attributes,row_count_v1,grain_of_dimension,scd_strategy,unknown_member_strategy,expected_unknown_references_v1,evidence,caveats
DimDate,DateKey,INT,posting_date,DateKey; FullDate; Day; DayOfWeek; DayName; Month; MonthName; Quarter; Year,3287,One calendar day,"Type 0 (static, generated from the calendar)",Reserve DateKey = 0 with FullDate NULL for referential integrity in future loads,0,"posting_date non-null on 1,000,000/1,000,000 rows; 3,287 distinct dates spanning 2018-01-01 to 2026-12-31; every calendar day in that range is present (verified 2026-09-23), so a generated calendar of 3,287 days matches the observed set exactly","Must cover dates after the 2026-09-23 reference date: 30,246 rows (3.0246%) fall on 99 distinct future dates up to 2026-12-31 and would lose their join if the calendar stopped at the reference date"
DimCompanyName,CompanyNameKey,INT,company_name,CompanyNameKey; CompanyName,535938,One distinct company_name string as observed on postings,Type 1 (insert-only lookup of the distinct string); no entity-history semantics applied,Reserve CompanyNameKey = 0 with CompanyName = 'Unknown' for referential integrity only,0,"535,938 distinct company_name values over 1,000,000 rows; 0% missing; 471,992 names (88.0684%) appear on exactly one row","Represents the company NAME OBSERVED ON A POSTING, not a real-world company entity. Identical strings must not be read as the same company. Cardinality is 53.5938% of the fact row count. No company-profile attribute is attached: only 1,672 of 63,946 repeated names (2.6147%) carry a single profile combination"
DimCompanyProfile,CompanyProfileKey,INT,company_size + linkedin_presence + website_available + verification_status + social_media_presence,CompanyProfileKey; CompanySize; LinkedInPresence; WebsiteAvailable; VerificationStatus; SocialMediaPresence,64,One distinct combination of the five profile attributes as observed on a posting,Mini-dimension snapshot; no SCD history required because each fact row points at the combination observed for that posting,Reserve CompanyProfileKey = 0 for referential integrity only; all five source columns are 0% missing,0,"All 64 of 64 possible combinations (4 x 2 x 2 x 2 x 2) are observed; largest combination 107,190 rows (10.7190%), smallest 369 rows; verified directly against staging 2026-09-23","CompanySize is NOMINAL. Startup / Small / Medium / Enterprise must not be given an ordinal sort key or treated as a scale. This dimension describes a posting-time snapshot, not a company"
DimInternshipTitle,InternshipTitleKey,INT,internship_title,InternshipTitleKey; InternshipTitle,9,One distinct internship_title label,Type 1 (small code list; a relabelled value overwrites in place),Reserve InternshipTitleKey = 0 with InternshipTitle = 'Unknown' for referential integrity only,0,"9 distinct values, 0% missing, row shares from 11.0502% to 11.1577%","Industry is NOT folded in: all 81 of 81 title x industry cells are populated and Cramer's V is 0.001236, so neither determines the other"
DimIndustry,IndustryKey,INT,industry,IndustryKey; Industry,9,One distinct industry label,Type 1 (small code list),Reserve IndustryKey = 0 with Industry = 'Unknown' for referential integrity only,0,"9 distinct values, 0% missing, row shares from 11.0532% to 11.1803%",Kept separate from DimInternshipTitle on the evidence of the 81/81 crosstab and Cramer's V 0.001236. Merging would create an 81-row cross product with no functional dependency to justify it
DimLocation,LocationKey,INT,location,LocationKey; Location,9,One distinct location label,Type 1 (small code list),Reserve LocationKey = 0 with Location = 'Unknown' for referential integrity only,0,"9 distinct values, 0% missing, row shares from 11.0559% to 11.1520%; fake-posting rate runs 21.9166% (Toronto) to 22.5725% (Bangalore) against a 22.1958% baseline","NO country, region, country-code or currency attribute is added. The source contains none, and it does not state whether location is the work, company or recruiter location. Building a geography hierarchy would import facts the source does not carry"
DimEmploymentType,EmploymentTypeKey,INT,employment_type,EmploymentTypeKey; EmploymentType,4,One distinct employment_type label,Type 1 (small code list),Reserve EmploymentTypeKey = 0 with EmploymentType = 'Unknown' for referential integrity only,0,"4 distinct values (Part-Time 25.0700%, Internship 25.0000%, Contract 24.9669%, Full-Time 24.9633%), 0% missing","Values Full-Time / Part-Time / Contract sit oddly beside the word internship. That is a source-semantics question recorded as deferred, not a data defect to repair"
DimWorkMode,WorkModeKey,INT,work_mode,WorkModeKey; WorkMode,3,One distinct work_mode label,Type 1 (small code list),Reserve WorkModeKey = 0 with WorkMode = 'Unknown' for referential integrity only,0,"3 distinct values (Remote 54.9339%, Hybrid 25.0526%, Onsite 20.0135%), 0% missing","NOT merged with DimEmploymentType. All 12 of 12 combinations occur and Cramer's V is 0.000000, so the pair is an independent grid, not a hierarchy. Low cardinality alone is not a reason to merge"
DimRecruiterEmail,RecruiterEmailKey,INT,recruiter_email_type + suspicious_email_domain,RecruiterEmailKey; RecruiterEmailType; SuspiciousEmailDomain,2,"One distinct observed (recruiter_email_type, suspicious_email_domain) pair",Type 0 (a fixed two-member code list in this extract),Reserve RecruiterEmailKey = 0 for referential integrity only; both source columns are 0% missing,0,"Exact bijection: Corporate<->0 on 749,433 rows (74.9433%), Free<->1 on 250,567 rows (25.0567%), 0 forward and 0 reverse violations, Cramer's V 1.000000; only 2 of 4 possible cells are populated",The two columns carry one attribute's worth of information. Holding both in ONE dimension preserves source fidelity without creating two redundant dimensions or two join paths to the same fact. If a future extract breaks the bijection this dimension simply grows to 3 or 4 members without any schema change
